roll,name,class,marks,age
1,Anil,TE,1.0627,22.0
3,Aniket,BE,1.2638,19.0
4,Ajinkya,TE,1.1916,20.0
5,Asha,TE,1.1278000000000001,20.0
6,Ayesha,BE,1.1484,20.0
7,Amar,BE,1.1484,19.0
8,Amita,BE,1.1783000000000001,23.0
9,Amol,TE,1.0625,20.0
10,Anmol,BE,1.2815999999999999,23.0
11,Surbhi,TE,1.2362000000000002,23.0
12,Sujay,TE,1.2362000000000002,22.0
13,Subhash,BE,1.3795,21.0
14,Sachin,TE,1.0883,21.0
15,Shalini,TE,1.1295000000000002,20.0
